<application>
  <component name="DimensionService">
    <location key="WELCOME_SCREEN.0.0.2256.1504" x="1128" y="300" />
  </component>
  <component name="WindowManager">
    <frame x="428" y="268" width="1400" height="1000" extendedState="6" />
  </component>
  <component name="WindowStateApplicationService">
    <state x="963" y="446" width="318" height="376" key="FileChooserDialogImpl" timestamp="1728748329413">
      <screen x="0" y="32" width="2256" height="1472" />
    </state>
    <state x="963" y="446" width="318" height="376" key="FileChooserDialogImpl/0.32.2256.1472" timestamp="1728748329413" />
    <state x="1127" y="631" width="1123" height="650" key="WELCOME_SCREEN" timestamp="1728748301672">
      <screen x="0" y="32" width="2256" height="1472" />
    </state>
    <state x="1127" y="631" width="1123" height="650" key="WELCOME_SCREEN/0.32.2256.1472" timestamp="1728748301672" />
  </component>
</application>