<keymap version="1" name="GNOME copy" parent="Default for GNOME">
  <action id="Debug">
    <keyboard-shortcut first-keystroke="ctrl d" />
  </action>
  <action id="EditorDuplicate" />
  <action id="Replace" />
  <action id="Run">
    <keyboard-shortcut first-keystroke="ctrl r" />
  </action>
  <action id="ShowProjectStructureSettings">
    <keyboard-shortcut first-keystroke="ctrl semicolon" />
  </action>
  <action id="ShowSettings">
    <keyboard-shortcut first-keystroke="ctrl comma" />
  </action>
</keymap>